campaign,impressions,clicks,conversions,revenue,cost,ctr,cac,ltv,roi
Campaign_1,522211,28563,2786,339400.79,155497.92,0.054483516483516486,74.29351648351648,122.12615384615384,173.4689010989011
Campaign_2,602851,28278,2867,374393.54,168160.07,0.04763846153846153,75.69087912087912,128.22065934065935,207.10549450549448
Campaign_3,670818,33702,3188,363189.01,189364.56,0.050778021978021975,78.21835164835164,119.12791208791208,145.63824175824175
Campaign_4,659831,34269,3219,383872.34,183060.23,0.05130879120879121,68.0510989010989,118.85175824175825,160.52373626373625
Campaign_5,683784,33480,3028,354002.64,194327.43,0.050396703296703295,79.44813186813187,116.15868131868132,139.03879120879122
