campaign,impressions,clicks,conversions,revenue,cost,ctr,cac,ltv
Campaign_1,522211,28563,2786,339400.79,155497.92,0.05469628177116147,55.814041636755206,121.82368628858578
Campaign_2,602851,28278,2867,374393.54,168160.07,0.046907113034564095,58.65366934077433,130.5872131147541
Campaign_3,670818,33702,3188,363189.01,189364.56,0.05024015455757001,59.39917189460477,113.92377979924719
Campaign_4,659831,34269,3219,383872.34,183060.23,0.051936026043032234,56.86866418142281,119.25204721963344
Campaign_5,683784,33480,3028,354002.64,194327.43,0.048962830367484465,64.17682628797886,116.90972258916777
