Total Impressions,Total Clicks,Total Conversions,Total Revenue,Total Cost,Average CTR,Average CAC,Average LTV
3139495,158292,15088,1814858.32,890410.21,0.05041957384866037,59.01446248674443,120.28488335100742
